<?xml version="1.0"?>
<info>
	<id>richdocuments</id>
	<name>Collabora Online</name>
	<description>An ownCloud app to work with office documents</description>
	<licence>AGPL</licence>
	<version>1.0.0</version>
	<author>Collabora Productivity based on work of Frank Karlitschek, Victor Dubiniuk</author>
	<bugs>https://github.com/owncloud/richdocuments/issues</bugs>
	<repository type="git">https://github.com/owncloud/richdocuments.git</repository>
	<category>productivity</category>
	<dependencies>
		<owncloud min-version="8.2" max-version="9.0" />
	</dependencies>
	<public>
		<richdocuments>public.php</richdocuments>
	</public>
</info>
